{"name": "1", "startPos": [942, 85], "startDir": [0.9993148337667671, -0.037011660509880265], "trackLines": [[[1138.0, 524.0], [330.0, 717.0]], [[330.0, 717.0], [237.0, 705.0]], [[237.0, 705.0], [138.0, 654.0]], [[138.0, 656.0], [82.0, 552.0]], [[84.0, 553.0], [108.0, 474.0]], [[108.0, 474.0], [97.0, 385.0]], [[97.0, 385.0], [121.0, 297.0]], [[121.0, 297.0], [169.0, 207.0]], [[169.0, 207.0], [267.0, 95.0]], [[267.0, 95.0], [352.0, 41.0]], [[352.0, 41.0], [435.0, 42.0]], [[435.0, 44.0], [493.0, 90.0]], [[493.0, 92.0], [516.0, 155.0]], [[516.0, 155.0], [510.0, 258.0]], [[510.0, 258.0], [454.0, 329.0]], [[454.0, 329.0], [406.0, 404.0]], [[406.0, 404.0], [393.0, 441.0]], [[394.0, 440.0], [403.0, 464.0]], [[403.0, 464.0], [429.0, 461.0]], [[430.0, 461.0], [781.0, 302.0]], [[1123.0, 419.0], [390.0, 593.0]], [[390.0, 593.0], [300.0, 596.0]], [[300.0, 596.0], [225.0, 549.0]], [[225.0, 549.0], [231.0, 510.0]], [[231.0, 510.0], [225.0, 437.0]], [[225.0, 438.0], [232.0, 353.0]], [[229.0, 354.0], [285.0, 249.0]], [[285.0, 251.0], [325.0, 189.0]], [[325.0, 191.0], [364.0, 165.0]], [[364.0, 165.0], [386.0, 179.0]], [[386.0, 179.0], [388.0, 195.0]], [[390.0, 195.0], [355.0, 255.0]], [[355.0, 255.0], [294.0, 366.0]], [[294.0, 366.0], [261.0, 438.0]], [[261.0, 438.0], [274.0, 536.0]], [[274.0, 537.0], [370.0, 582.0]], [[370.0, 584.0], [513.0, 546.0]], [[514.0, 543.0], [736.0, 452.0]], [[736.0, 452.0], [952.0, 365.0]], [[952.0, 365.0], [1024.0, 296.0]], [[1024.0, 296.0], [1011.0, 240.0]], [[1011.0, 240.0], [949.0, 179.0]], [[781.0, 302.0], [808.0, 278.0]], [[808.0, 278.0], [798.0, 254.0]], [[798.0, 254.0], [733.0, 210.0]], [[733.0, 210.0], [684.0, 161.0]], [[684.0, 161.0], [661.0, 104.0]], [[661.0, 104.0], [687.0, 51.0]], [[687.0, 51.0], [734.0, 21.0]], [[736.0, 20.0], [1144.0, 30.0]], [[1144.0, 30.0], [1219.0, 96.0]], [[1219.0, 96.0], [1257.0, 183.0]], [[1257.0, 183.0], [1263.0, 348.0]], [[1263.0, 348.0], [1243.0, 462.0]], [[1243.0, 462.0], [1194.0, 513.0]], [[1194.0, 513.0], [1126.0, 527.0]], [[1122.0, 419.0], [1147.0, 375.0]], [[1147.0, 375.0], [1152.0, 273.0]], [[1152.0, 273.0], [1131.0, 186.0]], [[1131.0, 186.0], [1089.0, 144.0]], [[1087.0, 144.0], [984.0, 143.0]], [[984.0, 143.0], [873.0, 140.0]], [[873.0, 140.0], [838.0, 147.0]], [[838.0, 147.0], [853.0, 165.0]], [[853.0, 167.0], [948.0, 182.0]]]}