{"name": "simple", "startPos": [744, 150], "startDir": [0.9999804693221859, -0.006249877933263662], "trackLines": [[[100, 200], [112, 158]], [[112, 157], [154, 118]], [[152, 118], [199, 101]], [[199, 101], [1001, 102]], [[1001, 102], [1043, 119]], [[1043, 119], [1071, 156]], [[1071, 155], [1097, 199]], [[1097, 197], [1100, 499]], [[1100, 499], [1084, 545]], [[1084, 545], [1051, 579]], [[1049, 578], [1000, 598]], [[1000, 598], [198, 600]], [[198, 600], [152, 588]], [[152, 588], [119, 562]], [[119, 562], [99, 497]], [[99, 497], [98, 200]], [[200, 228], [228, 201]], [[228, 201], [969, 201]], [[969, 201], [998, 225]], [[998, 225], [999, 454]], [[999, 454], [959, 498]], [[959, 498], [239, 499]], [[240, 500], [200, 463]], [[200, 463], [199, 229]]], "scoreLines": [[[809, 86], [813, 213]], [[900, 94], [897, 215]], [[1007, 94], [964, 210]], [[983, 234], [1088, 163]], [[993, 266], [1115, 263]], [[993, 320], [1106, 326]], [[996, 395], [1113, 402]], [[978, 452], [1098, 530]], [[954, 487], [990, 599]], [[895, 490], [918, 606]], [[807, 607], [798, 481]], [[705, 487], [707, 612]], [[624, 610], [610, 490]], [[528, 492], [521, 606]], [[426, 608], [417, 481]], [[345, 489], [334, 612]], [[228, 612], [263, 485]], [[231, 461], [79, 497]], [[81, 392], [209, 382]], [[216, 304], [78, 277]], [[228, 227], [117, 122]], [[279, 215], [277, 76]], [[395, 86], [378, 210]], [[510, 215], [504, 77]], [[604, 85], [621, 209]]]}