{"name": "Tshape", "startPos": [851, 76], "startDir": [0.9989685402102995, 0.04540766091864998], "trackLines": [[[330.0, 436.0], [462.0, 295.0]], [[464.0, 295.0], [468.0, 280.0]], [[468.0, 282.0], [459.0, 276.0]], [[459.0, 276.0], [318.0, 423.0]], [[318.0, 423.0], [240.0, 444.0]], [[240.0, 444.0], [173.0, 418.0]], [[173.0, 418.0], [144.0, 339.0]], [[144.0, 339.0], [141.0, 159.0]], [[141.0, 159.0], [168.0, 79.0]], [[167.0, 79.0], [240.0, 37.0]], [[239.0, 39.0], [330.0, 21.0]], [[333.0, 19.0], [1026.0, 22.0]], [[1026.0, 22.0], [1091.0, 54.0]], [[1091.0, 54.0], [1139.0, 111.0]], [[1139.0, 114.0], [1151.0, 333.0]], [[1151.0, 333.0], [1106.0, 414.0]], [[1106.0, 414.0], [1016.0, 432.0]], [[1016.0, 432.0], [930.0, 391.0]], [[929.0, 393.0], [881.0, 289.0]], [[881.0, 289.0], [822.0, 273.0]], [[824.0, 273.0], [762.0, 303.0]], [[761.0, 305.0], [609.0, 448.0]], [[608.0, 448.0], [581.0, 502.0]], [[581.0, 502.0], [575.0, 546.0]], [[575.0, 547.0], [572.0, 621.0]], [[572.0, 622.0], [540.0, 679.0]], [[540.0, 679.0], [465.0, 705.0]], [[465.0, 705.0], [200.0, 700.0]], [[198.0, 702.0], [149.0, 679.0]], [[149.0, 679.0], [117.0, 634.0]], [[117.0, 634.0], [116.0, 545.0]], [[116.0, 545.0], [158.0, 484.0]], [[158.0, 483.0], [261.0, 468.0]], [[260.0, 469.0], [329.0, 435.0]], [[312.0, 595.0], [249.0, 595.0]], [[249.0, 595.0], [242.0, 583.0]], [[242.0, 583.0], [261.0, 570.0]], [[263.0, 570.0], [333.0, 562.0]], [[333.0, 562.0], [576.0, 328.0]], [[576.0, 328.0], [596.0, 252.0]], [[596.0, 252.0], [570.0, 189.0]], [[569.0, 190.0], [503.0, 148.0]], [[503.0, 148.0], [417.0, 157.0]], [[417.0, 157.0], [332.0, 225.0]], [[332.0, 225.0], [291.0, 307.0]], [[291.0, 309.0], [273.0, 316.0]], [[273.0, 316.0], [266.0, 284.0]], [[266.0, 282.0], [266.0, 180.0]], [[266.0, 180.0], [284.0, 145.0]], [[284.0, 145.0], [333.0, 138.0]], [[333.0, 138.0], [963.0, 135.0]], [[963.0, 135.0], [1005.0, 150.0]], [[1007.0, 150.0], [1029.0, 193.0]], [[1028.0, 195.0], [1034.0, 262.0]], [[1034.0, 262.0], [1019.0, 274.0]], [[1019.0, 274.0], [992.0, 253.0]], [[992.0, 253.0], [891.0, 162.0]], [[891.0, 162.0], [807.0, 150.0]], [[806.0, 150.0], [710.0, 205.0]], [[710.0, 207.0], [456.0, 459.0]], [[456.0, 459.0], [435.0, 511.0]], [[435.0, 511.0], [447.0, 561.0]], [[449.0, 561.0], [453.0, 586.0]], [[453.0, 586.0], [417.0, 595.0]], [[417.0, 595.0], [312.0, 595.0]]]}