{"name": "3", "startPos": [857, 61], "startDir": [0.999380659166909, -0.03518945982982074], "trackLines": [[[103.0, 200.0], [781.0, 192.0]], [[781.0, 192.0], [838.0, 210.0]], [[838.0, 210.0], [874.0, 255.0]], [[874.0, 255.0], [866.0, 320.0]], [[866.0, 320.0], [796.0, 359.0]], [[796.0, 359.0], [554.0, 393.0]], [[554.0, 393.0], [446.0, 425.0]], [[446.0, 425.0], [371.0, 476.0]], [[371.0, 476.0], [353.0, 518.0]], [[353.0, 518.0], [377.0, 557.0]], [[377.0, 557.0], [728.0, 630.0]], [[728.0, 630.0], [764.0, 633.0]], [[764.0, 633.0], [775.0, 627.0]], [[775.0, 627.0], [766.0, 614.0]], [[766.0, 614.0], [589.0, 515.0]], [[589.0, 515.0], [562.0, 476.0]], [[562.0, 476.0], [572.0, 428.0]], [[572.0, 428.0], [622.0, 398.0]], [[622.0, 398.0], [1102.0, 393.0]], [[1102.0, 393.0], [1120.0, 384.0]], [[1120.0, 384.0], [1130.0, 356.0]], [[1130.0, 356.0], [1133.0, 131.0]], [[1132.0, 135.0], [1121.0, 105.0]], [[1121.0, 107.0], [1096.0, 96.0]], [[1096.0, 96.0], [649.0, 108.0]], [[649.0, 108.0], [382.0, 141.0]], [[382.0, 141.0], [127.0, 186.0]], [[127.0, 186.0], [106.0, 192.0]], [[106.0, 192.0], [104.0, 200.0]], [[1124.0, 14.0], [704.0, 20.0]], [[704.0, 21.0], [250.0, 86.0]], [[250.0, 87.0], [43.0, 147.0]], [[43.0, 147.0], [22.0, 180.0]], [[22.0, 180.0], [23.0, 236.0]], [[23.0, 236.0], [71.0, 267.0]], [[71.0, 267.0], [724.0, 266.0]], [[724.0, 266.0], [766.0, 270.0]], [[766.0, 270.0], [773.0, 281.0]], [[773.0, 282.0], [739.0, 288.0]], [[739.0, 288.0], [557.0, 305.0]], [[557.0, 305.0], [356.0, 365.0]], [[356.0, 363.0], [277.0, 438.0]], [[277.0, 438.0], [248.0, 495.0]], [[248.0, 495.0], [256.0, 575.0]], [[256.0, 575.0], [337.0, 641.0]], [[337.0, 641.0], [763.0, 708.0]], [[763.0, 708.0], [824.0, 711.0]], [[824.0, 711.0], [880.0, 681.0]], [[880.0, 681.0], [887.0, 629.0]], [[887.0, 629.0], [854.0, 576.0]], [[854.0, 576.0], [704.0, 495.0]], [[704.0, 495.0], [698.0, 483.0]], [[698.0, 483.0], [709.0, 473.0]], [[709.0, 473.0], [1120.0, 471.0]], [[1120.0, 471.0], [1168.0, 461.0]], [[1168.0, 461.0], [1214.0, 426.0]], [[1214.0, 428.0], [1223.0, 375.0]], [[1223.0, 375.0], [1225.0, 98.0]], [[1225.0, 98.0], [1201.0, 44.0]], [[1201.0, 44.0], [1159.0, 21.0]], [[1159.0, 21.0], [1120.0, 12.0]]]}