{"name": "simple", "startPos": [744, 150], "startDir": [0.9999804693221859, -0.006249877933263662], "trackLines": [[[100, 200], [112, 158]], [[112, 157], [154, 118]], [[152, 118], [199, 101]], [[199, 101], [1001, 102]], [[1001, 102], [1043, 119]], [[1043, 119], [1071, 156]], [[1071, 155], [1097, 199]], [[1097, 197], [1100, 499]], [[1100, 499], [1084, 545]], [[1084, 545], [1051, 579]], [[1049, 578], [1000, 598]], [[1000, 598], [198, 600]], [[198, 600], [152, 588]], [[152, 588], [119, 562]], [[119, 562], [99, 497]], [[99, 497], [98, 200]], [[200, 228], [228, 201]], [[228, 201], [969, 201]], [[969, 201], [998, 225]], [[998, 225], [999, 454]], [[999, 454], [959, 498]], [[959, 498], [239, 499]], [[240, 500], [200, 463]], [[200, 463], [199, 229]]]}